{
    "Objects": [
        {
            "name": "StaticObj_BusStation_roof_big",
            "pos": [
                6327.9599609375,
                22.719600677490236,
                9492.2197265625
            ],
            "ypr": [
                90.19940185546875,
                0.0,
                0.0
            ],
            "scale": 0.9999995231628418,
            "enableCEPersistency": 0
        },
        {
            "name": "StaticObj_BusStation_roof_big",
            "pos": [
                6327.9599609375,
                22.719600677490236,
                9484.7099609375
            ],
            "ypr": [
                90.19940185546875,
                0.0,
                0.0
            ],
            "scale": 0.9999995231628418,
            "enableCEPersistency": 0
        },
        {
            "name": "StaticObj_BusStation_roof_big",
            "pos": [
                6327.9599609375,
                22.719600677490236,
                9477.1396484375
            ],
            "ypr": [
                90.19940185546875,
                0.0,
                0.0
            ],
            "scale": 0.9999995231628418,
            "enableCEPersistency": 0
        },
        {
            "name": "StaticObj_Wall_Fen4_4",
            "pos": [
                6331.7880859375,
                21.504627227783204,
                9475.259765625
            ],
            "ypr": [
                90.0,
                0.0,
                0.0
            ],
            "scale": 1.0,
            "enableCEPersistency": 0
        },
        {
            "name": "StaticObj_Wall_Fen4_4",
            "pos": [
                6331.78271484375,
                21.48162078857422,
                9479.259765625
            ],
            "ypr": [
                90.0,
                0.0,
                0.0
            ],
            "scale": 1.0,
            "enableCEPersistency": 0
        },
        {
            "name": "StaticObj_Wall_Fen4_4",
            "pos": [
                6331.7744140625,
                21.45423698425293,
                9483.234375
            ],
            "ypr": [
                90.0,
                0.0,
                0.0
            ],
            "scale": 1.0,
            "enableCEPersistency": 0
        },
        {
            "name": "StaticObj_Wall_Fen4_4",
            "pos": [
                6331.76904296875,
                21.431230545043947,
                9487.234375
            ],
            "ypr": [
                90.0,
                0.0,
                0.0
            ],
            "scale": 1.0,
            "enableCEPersistency": 0
        },
        {
            "name": "StaticObj_Wall_Fen4_4",
            "pos": [
                6331.78466796875,
                21.418127059936525,
                9491.2470703125
            ],
            "ypr": [
                90.0,
                0.0,
                0.0
            ],
            "scale": 1.0,
            "enableCEPersistency": 0
        },
        {
            "name": "StaticObj_Wall_Fen4_4",
            "pos": [
                6331.779296875,
                21.412220001220704,
                9495.2470703125
            ],
            "ypr": [
                90.0,
                0.0,
                0.0
            ],
            "scale": 1.0,
            "enableCEPersistency": 0
        },
        {
            "name": "StaticObj_Wall_Fen4_4_nolc",
            "pos": [
                6329.74267578125,
                21.405227661132814,
                9497.1962890625
            ],
            "ypr": [
                0.0,
                0.0,
                -0.0
            ],
            "scale": 1.0,
            "enableCEPersistency": 0
        },
        {
            "name": "StaticObj_Wall_Fen4_4_nolc",
            "pos": [
                6325.740234375,
                21.389266967773439,
                9497.2001953125
            ],
            "ypr": [
                0.0,
                0.0,
                -0.0
            ],
            "scale": 1.0,
            "enableCEPersistency": 0
        },
        {
            "name": "StaticObj_Wall_GarbCont",
            "pos": [
                6324.630859375,
                21.378320693969728,
                9490.421875
            ],
            "ypr": [
                0.0,
                0.0,
                -0.0
            ],
            "scale": 1.0,
            "enableCEPersistency": 0
        },
        {
            "name": "StaticObj_Wall_GarbCont",
            "pos": [
                6324.60009765625,
                21.389131546020509,
                9489.4375
            ],
            "ypr": [
                0.0,
                0.0,
                -0.0
            ],
            "scale": 1.0,
            "enableCEPersistency": 0
        },
        {
            "name": "StaticObj_Wall_GarbCont",
            "pos": [
                6324.5791015625,
                21.38994026184082,
                9488.4609375
            ],
            "ypr": [
                0.0,
                0.0,
                -0.0
            ],
            "scale": 1.0,
            "enableCEPersistency": 0
        },
        {
            "name": "StaticObj_Wall_GarbCont",
            "pos": [
                6324.54833984375,
                21.38929557800293,
                9487.4765625
            ],
            "ypr": [
                0.0,
                0.0,
                -0.0
            ],
            "scale": 1.0,
            "enableCEPersistency": 0
        },
        {
            "name": "StaticObj_Wall_GarbCont",
            "pos": [
                6324.5498046875,
                21.391517639160158,
                9486.490234375
            ],
            "ypr": [
                0.0,
                0.0,
                -0.0
            ],
            "scale": 1.0,
            "enableCEPersistency": 0
        },
        {
            "name": "StaticObj_Wall_GarbCont",
            "pos": [
                6324.51904296875,
                21.394405364990236,
                9485.501953125
            ],
            "ypr": [
                0.0,
                0.0,
                -0.0
            ],
            "scale": 1.0,
            "enableCEPersistency": 0
        },
        {
            "name": "StaticObj_Wall_GarbCont",
            "pos": [
                6324.498046875,
                21.393829345703126,
                9484.525390625
            ],
            "ypr": [
                0.0,
                0.0,
                -0.0
            ],
            "scale": 1.0,
            "enableCEPersistency": 0
        },
        {
            "name": "StaticObj_Wall_GarbCont",
            "pos": [
                6324.46728515625,
                21.391321182250978,
                9483.541015625
            ],
            "ypr": [
                0.0,
                0.0,
                -0.0
            ],
            "scale": 1.0,
            "enableCEPersistency": 0
        },
        {
            "name": "StaticObj_Wall_GarbCont",
            "pos": [
                6324.41796875,
                21.391775131225587,
                9481.568359375
            ],
            "ypr": [
                0.0,
                0.0,
                -0.0
            ],
            "scale": 1.0,
            "enableCEPersistency": 0
        },
        {
            "name": "StaticObj_Wall_GarbCont",
            "pos": [
                6324.38720703125,
                21.389266967773439,
                9480.583984375
            ],
            "ypr": [
                0.0,
                0.0,
                -0.0
            ],
            "scale": 1.0,
            "enableCEPersistency": 0
        },
        {
            "name": "StaticObj_Wall_GarbCont",
            "pos": [
                6324.43994140625,
                21.392345428466798,
                9482.546875
            ],
            "ypr": [
                0.0,
                0.0,
                -0.0
            ],
            "scale": 1.0,
            "enableCEPersistency": 0
        },
        {
            "name": "StaticObj_Wall_GarbCont",
            "pos": [
                6324.38427734375,
                21.38715362548828,
                9479.625
            ],
            "ypr": [
                0.0,
                0.0,
                -0.0
            ],
            "scale": 1.0,
            "enableCEPersistency": 0
        },
        {
            "name": "StaticObj_Wall_GarbCont",
            "pos": [
                6324.353515625,
                21.384645462036134,
                9478.640625
            ],
            "ypr": [
                0.0,
                0.0,
                -0.0
            ],
            "scale": 1.0,
            "enableCEPersistency": 0
        },
        {
            "name": "StaticObj_Wall_GarbCont",
            "pos": [
                6324.30419921875,
                21.385099411010743,
                9476.66796875
            ],
            "ypr": [
                0.0,
                0.0,
                -0.0
            ],
            "scale": 1.0,
            "enableCEPersistency": 0
        },
        {
            "name": "StaticObj_Wall_GarbCont",
            "pos": [
                6324.2734375,
                21.382591247558595,
                9475.68359375
            ],
            "ypr": [
                0.0,
                0.0,
                -0.0
            ],
            "scale": 1.0,
            "enableCEPersistency": 0
        },
        {
            "name": "StaticObj_Wall_GarbCont",
            "pos": [
                6324.326171875,
                21.385669708251954,
                9477.646484375
            ],
            "ypr": [
                0.0,
                0.0,
                -0.0
            ],
            "scale": 1.0,
            "enableCEPersistency": 0
        },
        {
            "name": "StaticObj_Wall_GarbCont",
            "pos": [
                6324.26513671875,
                21.385114669799806,
                9474.7216796875
            ],
            "ypr": [
                0.0,
                0.0,
                -0.0
            ],
            "scale": 1.0,
            "enableCEPersistency": 0
        },
        {
            "name": "StaticObj_Wall_GarbCont",
            "pos": [
                6324.234375,
                21.390972137451173,
                9473.7373046875
            ],
            "ypr": [
                0.0,
                0.0,
                -0.0
            ],
            "scale": 1.0,
            "enableCEPersistency": 0
        },
        {
            "name": "StaticObj_Wall_GarbCont",
            "pos": [
                6324.76904296875,
                21.391529083251954,
                9473.3271484375
            ],
            "ypr": [
                90.0,
                0.0,
                0.0
            ],
            "scale": 1.0,
            "enableCEPersistency": 0
        },
        {
            "name": "StaticObj_Wall_GarbCont",
            "pos": [
                6325.74658203125,
                21.388086318969728,
                9473.3251953125
            ],
            "ypr": [
                90.0,
                0.0,
                0.0
            ],
            "scale": 1.0,
            "enableCEPersistency": 0
        },
        {
            "name": "StaticObj_Wall_GarbCont",
            "pos": [
                6330.388671875,
                21.36819839477539,
                9473.1884765625
            ],
            "ypr": [
                90.0,
                0.0,
                0.0
            ],
            "scale": 1.0,
            "enableCEPersistency": 0
        },
        {
            "name": "StaticObj_Wall_GarbCont",
            "pos": [
                6331.3662109375,
                21.364755630493165,
                9473.1865234375
            ],
            "ypr": [
                90.0,
                0.0,
                0.0
            ],
            "scale": 1.0,
            "enableCEPersistency": 0
        },
        {
            "name": "Bonfire",
            "pos": [
                6327.5263671875,
                23.19933319091797,
                9504.537109375
            ],
            "ypr": [
                0.0,
                0.0,
                -0.0
            ],
            "scale": 1.0,
            "enableCEPersistency": 0
        },
        {
            "name": "StaticObj_Furniture_sofa_leather_old",
            "pos": [
                6324.2255859375,
                20.792566299438478,
                9504.5234375
            ],
            "ypr": [
                89.99967956542969,
                0.0,
                0.0
            ],
            "scale": 0.9999988079071045,
            "enableCEPersistency": 0
        },
        {
            "name": "StaticObj_Furniture_sofa_leather_new",
            "pos": [
                6327.72998046875,
                20.779199600219728,
                9501.0302734375
            ],
            "ypr": [
                0.0,
                0.0,
                -0.0
            ],
            "scale": 1.0,
            "enableCEPersistency": 0
        },
        {
            "name": "StaticObj_Furniture_ch_office_B",
            "pos": [
                6330.68994140625,
                20.443504333496095,
                9504.171875
            ],
            "ypr": [
                38.72888946533203,
                0.0,
                -0.0
            ],
            "scale": 0.9999991655349731,
            "enableCEPersistency": 0
        },
        {
            "name": "StaticObj_Furniture_lobby_chair",
            "pos": [
                6326.6953125,
                20.470458984375,
                9507.1103515625
            ],
            "ypr": [
                -15.255112648010254,
                0.0,
                -0.0
            ],
            "scale": 0.9999983906745911,
            "enableCEPersistency": 0
        },
        {
            "name": "StaticObj_Furniture_box_c_multi",
            "pos": [
                6329.60693359375,
                20.44721221923828,
                9506.853515625
            ],
            "ypr": [
                32.9887580871582,
                0.0,
                -0.0
            ],
            "scale": 0.9999986886978149,
            "enableCEPersistency": 0
        },
        {
            "name": "StaticObj_Furniture_matress_white",
            "pos": [
                6324.97265625,
                20.460811614990236,
                9502.1611328125
            ],
            "ypr": [
                -35.02157974243164,
                0.0,
                -0.0
            ],
            "scale": 0.9999993443489075,
            "enableCEPersistency": 0
        },
        {
            "name": "StaticObj_Furniture_lobby_case",
            "pos": [
                6327.2578125,
                20.445110321044923,
                9496.853515625
            ],
            "ypr": [
                90.0,
                0.0,
                0.0
            ],
            "scale": 1.0,
            "enableCEPersistency": 0
        },
        {
            "name": "StaticObj_Furniture_metalcase_02",
            "pos": [
                6324.830078125,
                20.461227416992189,
                9496.76171875
            ],
            "ypr": [
                0.0,
                0.0,
                -0.0
            ],
            "scale": 1.0,
            "enableCEPersistency": 0
        },
        {
            "name": "StaticObj_Furniture_hospital_bench",
            "pos": [
                6331.02490234375,
                20.457460403442384,
                9489.7099609375
            ],
            "ypr": [
                90.0,
                0.0,
                0.0
            ],
            "scale": 1.0,
            "enableCEPersistency": 0
        },
        {
            "name": "StaticObj_Furniture_hospital_bench",
            "pos": [
                6331.07861328125,
                20.56393051147461,
                9484.70703125
            ],
            "ypr": [
                90.0,
                0.0,
                0.0
            ],
            "scale": 1.0,
            "enableCEPersistency": 0
        },
        {
            "name": "StaticObj_Furniture_hospital_bench",
            "pos": [
                6330.82421875,
                20.583730697631837,
                9480.2119140625
            ],
            "ypr": [
                90.0,
                0.0,
                0.0
            ],
            "scale": 1.0,
            "enableCEPersistency": 0
        }
    ]
}