{
    "Version": "2.5",
    "ConvertTraderConfigToTraderPlus": 0,
    "ConvertTraderConfigToTraderPlusWithStockBasedOnCE": 0,
    "UseGarageToTradeCar": 1,
    "DisableHeightFailSafeForReceiptDeployment": 0,
    "HideInsuranceBtn": 0,
    "HideGarageBtn": 0,
    "HideLicenceBtn": 0,
    "EnableShowAllPrices": 0,
    "EnableShowAllCheckBox": 1,
    "IsReceiptTraderOnly": 0,
    "IsReceiptSaveLock": 0,
    "IsReceiptSaveAttachment": 0,
    "IsReceiptSaveCargo": 0,
    "LockPickChance": 0.30000001192092898,
    "LicenceKeyWord": "Licence",
    "Licences": [
        "Car Licence",
        "Admin Licence"
    ],
    "AcceptedStates": {
        "AcceptWorn": 1,
        "AcceptDamaged": 1,
        "AcceptBadlyDamaged": 1,
        "CoefficientWorn": 0.75,
        "CoefficientDamaged": 0.5,
        "CoefficientBadlyDamaged": 0.25
    },
    "StoreOnlyToPristineState": 0,
    "Currencies": [
        {
            "ClassName": "TraderPlus_Money_Euro500,TraderPlus_Money_Ruble500",
            "Value": 500
        },
        {
            "ClassName": "TraderPlus_Money_Dollar100,TraderPlus_Money_Euro100,TraderPlus_Money_Ruble100",
            "Value": 100
        },
        {
            "ClassName": "TraderPlus_Money_Dollar50,TraderPlus_Money_Euro50,TraderPlus_Money_Ruble50",
            "Value": 50
        },
        {
            "ClassName": "TraderPlus_Money_Dollar20,TraderPlus_Money_Euro20",
            "Value": 20
        },
        {
            "ClassName": "TraderPlus_Money_Dollar10,TraderPlus_Money_Euro10,TraderPlus_Money_Ruble10",
            "Value": 10
        },
        {
            "ClassName": "TraderPlus_Money_Dollar5,TraderPlus_Money_Euro5,TraderPlus_Money_Ruble5,TraderPlus_Money_Ruble5_Coin",
            "Value": 5
        },
        {
            "ClassName": "TraderPlus_Money_Dollar2,TraderPlus_Money_Ruble2_Coin,TraderPlus_Money_Euro2",
            "Value": 2
        },
        {
            "ClassName": "TraderPlus_Money_Dollar1,TraderPlus_Coin,TraderPlus_Money_Ruble1_Coin,TraderPlus_Money_Euro1",
            "Value": 1
        }
    ],
    "Traders": [
        {
            "Id": 0,
            "Name": "Paragon_Vending_Consumables",
            "GivenName": "Consume Trader",
            "Role": "Consume Trader",
            "Position": [
                6325.5478515625,
                20.6895694732666,
                9480.0146484375
            ],
            "Orientation": [
                91.63198852539063,
                0.0,
                -0.0
            ],
            "Clothes": []
        },
        {
            "Id": 1,
            "Name": "Paragon_Vending_Tools",
            "GivenName": "Misc Trader",
            "Role": "Misc Trader",
            "Position": [
                6325.4375,
                20.66039276123047,
                9484.630859375
            ],
            "Orientation": [
                88.35904693603516,
                0.0,
                -0.0
            ],
            "Clothes": []
        },
        {
            "Id": 2,
            "Name": "Paragon_Vending_Weapons",
            "GivenName": "Weapon Trader",
            "Role": "Weapon Trader",
            "Position": [
                6330.4677734375,
                20.630592346191408,
                9482.6796875
            ],
            "Orientation": [
                -88.20468139648438,
                0.0,
                0.0
            ],
            "Clothes": []
        },
        {
            "Id": 3,
            "Name": "Paragon_Vending_Attachments",
            "GivenName": "Weapon Supplies",
            "Role": "Weapon Supplies",
            "Position": [
                6330.26708984375,
                20.65242576599121,
                9477.4794921875
            ],
            "Orientation": [
                -86.51284790039063,
                0.0,
                -0.0
            ],
            "Clothes": []
        },
        {
            "Id": 4,
            "Name": "Paragon_Vending_Clothing",
            "GivenName": "Clothing Trader",
            "Role": "Clothing Trader",
            "Position": [
                6330.5615234375,
                20.562541961669923,
                9487.40234375
            ],
            "Orientation": [
                -90.61634063720703,
                0.0,
                -0.0
            ],
            "Clothes": []
        },
        {
            "Id": 5,
            "Name": "Paragon_Vending_Vehicles",
            "GivenName": "Vehicles Trader",
            "Role": "Vehicles Trader",
            "Position": [
                6330.599609375,
                20.472570419311525,
                9492.330078125
            ],
            "Orientation": [
                -90.88716888427735,
                0.0,
                -0.0
            ],
            "Clothes": []
        },
		{
			"Id": -2,
			"Name": "TraderPlus_BANK_ATM",
			"GivenName": "ChaChing",
			"Role": "ATM",
			"Position": [
				6325.443359375,
				20.60164451599121,
				9489.4697265625
			],
			"Orientation": [
				-179.5853271484375,
				0.0,
				-0.0
			],
			"Clothes": []
}
    ],
    "TraderObjects": []
}
