{
    "Version": "2.5",
    "UseGarageOnlyToTrade": 0,
    "VehicleMustHaveLock": 0,
    "SaveVehicleLock": 0,
    "SaveVehicleCargo": 0,
    "SaveVehicleHealth": 1,
    "SaveVehicleFuel": 1,
    "SavedVehicleInGarageForTradeInHour": 1,
    "MaxVehicleStored": 5,
    "ParkInCost": 100,
    "ParkOutCost": 100,
    "PayWithBankAccount": 0,
    "WhitelistedObjects": [
        "SK_LandingPad"
    ],
    "NPCs": [
        {
            "ClassName": "SurvivorM_Peter",
            "Position": [
                6317.68017578125,
                20.54669952392578,
                9498.5498046875
            ],
            "Orientation": [
                -179.99998474121095,
                0.0,
                -0.0
            ],
            "ParkingPosition": [
                6315.91552734375,
                20.715442657470704,
                9491.4697265625
            ],
            "ParkingOrientation": [
                91.8110122680664,
                -1.7665337324142457,
                -1.4404255151748658
            ],
            "Clothes": [
                "Wrench",
                "Jeans_Blue",
                "ManSuit_Black",
                "Sneakers_Black",
                "SportGlasses_Blue",
                "BaseballCap_Black"
            ]
        }
    ],
    "ParkingNotAvailable": "Parkoviste je obsazeno!",
    "NotEnoughMoney": "To auto neni drahe jen ty nemas dost penez!",
    "NotRightToPark": "Nemuzes zaparkovat toto vozidlo!",
    "CarHasMember": "Ve vozidle nekdo je!",
    "ParkInFail": "Vozidlo nebylo mozne ulozit",
    "ParkInSuccess": "Uspesne ulozeno",
    "ParkOutFail": "Vozidlo nebylo mozno vyparkovat",
    "ParkOutSuccess": "Vozidlo vyparkovano!",
    "MaxVehicleStoredReached": "Dosazeno max poctu ulozenych vozidel",
    "TradeVehicleWarning": "Vozidlo bylo ulozeno po dobu %1 hodin, po prekroceni tohoto bodu bude smazano, tak jej prodej nebo vem zpet",
    "TradeVehicleHasBeenDeleted": "Vozidlo ulozene k obchodovani bylo z duvodu necinnosti smazano"
}