{
    "Objects": [
        {
            "name": "AliceBag_Green",
            "pos": [
                6946.32421875,
                286.1922302246094,
                4620.4423828125
            ],
            "ypr": [
                93.64798736572266,
                0.0,
                -0.0
            ],
            "scale": 0.9999954700469971,
            "enableCEPersistency": 0
        },
        {
            "name": "bldr_Lunapark_Bumper_Car",
            "pos": [
                6948.4267578125,
                286.2076110839844,
                4625.962890625
            ],
            "ypr": [
                135.10406494140626,
                0.0,
                -0.0
            ],
            "scale": 1.0,
            "enableCEPersistency": 0
        },
        {
            "name": "StaticObj_Decal_Runway_Num0",
            "pos": [
                6959.744140625,
                288.656982421875,
                4636.310546875
            ],
            "ypr": [
                -91.79656982421875,
                0.0,
                -0.0
            ],
            "scale": 0.9999990463256836,
            "enableCEPersistency": 0
        },
        {
            "name": "Land_Shed_Closed2",
            "pos": [
                6956.57177734375,
                287.75482177734377,
                4624.984375
            ],
            "ypr": [
                175.88600158691407,
                0.0,
                -0.0
            ],
            "scale": 0.9999988079071045,
            "enableCEPersistency": 0
        },
        {
            "name": "Land_Roadblock_Table",
            "pos": [
                6945.76220703125,
                286.6249694824219,
                4620.431640625
            ],
            "ypr": [
                88.29131317138672,
                0.0,
                -0.0
            ],
            "scale": 0.9999977350234985,
            "enableCEPersistency": 0
        },
        {
            "name": "PlateCarrierVest",
            "pos": [
                6945.7001953125,
                287.0,
                4619.89990234375
            ],
            "ypr": [
                0.0,
                0.0,
                -0.0
            ],
            "scale": 1.0,
            "enableCEPersistency": 0
        },
        {
            "name": "PlateCarrierVest_Green",
            "pos": [
                6945.61865234375,
                287.0119323730469,
                4620.7314453125
            ],
            "ypr": [
                0.0,
                0.0,
                -0.0
            ],
            "scale": 1.0,
            "enableCEPersistency": 0
        },
        {
            "name": "MilitaryBoots_Redpunk",
            "pos": [
                6945.74072265625,
                287.0214538574219,
                4621.1376953125
            ],
            "ypr": [
                0.0,
                0.0,
                -0.0
            ],
            "scale": 1.0,
            "enableCEPersistency": 0
        },
        {
            "name": "Bonfire",
            "pos": [
                6976.9970703125,
                287.73431396484377,
                4621.39404296875
            ],
            "ypr": [
                0.0,
                0.0,
                -0.0
            ],
            "scale": 1.0,
            "enableCEPersistency": 0
        },
        {
            "name": "Land_Misc_Well_Pump_Yellow",
            "pos": [
                6967.19189453125,
                286.2681579589844,
                4627.66748046875
            ],
            "ypr": [
                0.0,
                0.0,
                -0.0
            ],
            "scale": 1.0,
            "enableCEPersistency": 0
        },
        {
            "name": "Land_FuelStation_Feed",
            "pos": [
                6958.4326171875,
                286.4786071777344,
                4628.5341796875
            ],
            "ypr": [
                0.0,
                0.0,
                -0.0
            ],
            "scale": 1.0,
            "enableCEPersistency": 0
        }
    ]
}