{
    "Version": "2.5",
    "ConvertTraderConfigToTraderPlus": 0,
    "ConvertTraderConfigToTraderPlusWithStockBasedOnCE": 0,
    "UseGarageToTradeCar": 1,
    "DisableHeightFailSafeForReceiptDeployment": 0,
    "HideInsuranceBtn": 0,
    "HideGarageBtn": 0,
    "HideLicenceBtn": 0,
    "EnableShowAllPrices": 0,
    "EnableShowAllCheckBox": 1,
    "IsReceiptTraderOnly": 1,
    "IsReceiptSaveLock": 0,
    "IsReceiptSaveAttachment": 0,
    "IsReceiptSaveCargo": 0,
    "LockPickChance": 0.30000001192092898,
    "LicenceKeyWord": "Licence",
    "Licences": [
        "Car Licence",
        "Admin Licence"
    ],
    "AcceptedStates": {
        "AcceptWorn": 1,
        "AcceptDamaged": 1,
        "AcceptBadlyDamaged": 1,
        "CoefficientWorn": 0.75,
        "CoefficientDamaged": 0.5,
        "CoefficientBadlyDamaged": 0.25
    },
    "StoreOnlyToPristineState": 0,
    "Currencies": [
        {
            "ClassName": "TraderPlus_Money_Ruble5000",
            "Value": 5000
        },
        {
            "ClassName": "TraderPlus_Money_Ruble2000",
            "Value": 2000
        },
        {
            "ClassName": "TraderPlus_Money_Ruble1000",
            "Value": 1000
        },
        {
            "ClassName": "TraderPlus_Money_Ruble500,TraderPlus_Money_Euro500",
            "Value": 500
        },
        {
            "ClassName": "TraderPlus_Money_Ruble200,TraderPlus_Money_Euro200",
            "Value": 200
        },
        {
            "ClassName": "TraderPlus_Money_Ruble100,TraderPlus_Money_Euro100,TraderPlus_Money_Dollar100",
            "Value": 100
        },
        {
            "ClassName": "TraderPlus_Money_Ruble50,TraderPlus_Money_Euro50,TraderPlus_Money_Dollar50",
            "Value": 50
        },
        {
            "ClassName": "TraderPlus_Money_Ruble10,TraderPlus_Money_Euro10,TraderPlus_Money_Dollar10",
            "Value": 10
        },
        {
            "ClassName": "TraderPlus_Money_Ruble5,TraderPlus_Money_Euro5,TraderPlus_Money_Dollar5",
            "Value": 5
        },
        {
            "ClassName": "TraderPlus_Money_Ruble2_Coin,TraderPlus_Money_Euro2,TraderPlus_Money_Dollar2",
            "Value": 2
        },
        {
            "ClassName": "TraderPlus_Money_Ruble1_Coin,TraderPlus_Money_Euro1,TraderPlus_Money_Dollar1",
            "Value": 1
        }
    ],
    "Traders": [
        {
            "Id": 0,
            "Name": "ZT_Vending_Glow_Consume",
            "GivenName": "Marie",
            "Role": "Food Trader",
            "Position": [
                6955.24560546875,
                286.24761962890627,
                4616.6513671875
            ],
            "Orientation": [
                0.0,
                0.0,
                0.0
            ],
            "Clothes": []
        },
        {
            "Id": 1,
            "Name": "ZT_Vending_Glow_Weapons",
            "GivenName": "Kevin",
            "Role": "Weapon Trader",
            "Position": [
                6953.9814453125,
                286.25250244140627,
                4616.69921875
            ],
            "Orientation": [
                0.0,
                0.0,
                0.0
            ],
            "Clothes": []
        },
        {
            "Id": 2,
            "Name": "ZT_Vending_Glow_Tools_Rusty",
            "GivenName": "Bob",
            "Role": "Tool Trader",
            "Position": [
                6958.45654296875,
                286.2166748046875,
                4617.4208984375
            ],
            "Orientation": [
                0.0,
                0.0,
                0.0
            ],
            "Clothes": []
        },
        {
            "Id": 3,
            "Name": "SurvivorM_Peter",
            "GivenName": "John",
            "Role": "Clothes Trader",
            "Position": [
                6944.93994140625,
                286.2900085449219,
                4620.509765625
            ],
            "Orientation": [
                89.49998474121094,
                0.0,
                0.0
            ],
            "Clothes": [
                "ManSuit_DarkGrey",
                "DressShoes_Black",
                "SlacksPants_Black",
                "SportGlasses_Black"
            ]
        },
        {
            "Id": 4,
            "Name": "SurvivorM_Hassan",
            "GivenName": "Pablo",
            "Role": "Car Trader",
            "Position": [
                6949.72998046875,
                286.2560119628906,
                4625.5498046875
            ],
            "Orientation": [
                179.9999542236328,
                0.0,
                0.0
            ],
            "Clothes": [
                "ManSuit_DarkGrey",
                "DressShoes_Black",
                "SlacksPants_Black",
                "SportGlasses_Black"
            ]
        },
		{
            "Id": 5,
            "Name": "ZT_Vending_Glow_AttachmentsAmmo",
            "GivenName": "Ammo and Attachements",
            "Role": "Ammo and Attachements",
            "Position": [
                6952.5498046875,
                286.2618713378906,
                4616.7548828125
            ],
            "Orientation": [
                0.0,
                0.0,
                0.0
            ],
            "Clothes": []
        },
        {
            "Id": -2,
            "Name": "TraderPlus_BANK_ATM",
            "GivenName": "ATM",
            "Role": "ATM",
            "Position": [
                6966.25537109375,
                285.6212158203125,
                4624.03564453125
            ],
            "Orientation": [
                173.08360290527345,
                0.0,
                0.0
            ],
            "Clothes": []
        }
    ],
    "TraderObjects": []
}
